id;owner;approver;description;redirect_url;status;client_id;type;image;image_content_type
1;mobile Fish;Home Loan Account Table Computer;Trace;Savings Account alarm;PENDING;red Chips Soap;CLIENT;../data/blob/hipster.png;image/png
2;web-readiness;Namibia;Steel zero administration;Multi-channelled Licensed;PENDING;Canyon HDD;API;../data/blob/hipster.png;image/png
3;envisioneer Music Public-key;infomediaries;Investment Account;Games Regional Digitized;REJECTED;Mayotte;CLIENT;../data/blob/hipster.png;image/png
4;connect Markets Chief;capacitor archive;sky blue Tasty Plastic Pizza;compress South Georgia and the South Sandwich Islands;REJECTED;bifurcated scalable;CLIENT;../data/blob/hipster.png;image/png
5;deliverables reinvent 24 hour;overriding;monitor 1080p Checking Account;world-class Frozen IB;ARCHIVED;moratorium moratorium;CLIENT;../data/blob/hipster.png;image/png
6;Frozen bus;hard drive Robust Networked;Poland;Small partnerships;PUBLISHED;Harbor Montana;CLIENT;../data/blob/hipster.png;image/png
7;white Brand Money Market Account;Salad Web virtual;Refined Squares;maroon;ARCHIVED;support Gorgeous;CLIENT;../data/blob/hipster.png;image/png
8;copying;ability Hat Iraq;magenta Concrete;User-centric Gloves;PENDING;facilitate Tasty Concrete Chips Exclusive;API;../data/blob/hipster.png;image/png
9;mission-critical;Berkshire Small Plastic Pants Investor;Canadian Dollar;Berkshire Designer;DRAFT;navigate;API;../data/blob/hipster.png;image/png
10;web-enabled invoice withdrawal;bypassing optical;installation;Argentine Peso;PUBLISHED;open-source turn-key;CLIENT;../data/blob/hipster.png;image/png
